-- FLEET FORCE — Fix seed data (contracts, orders, trips, loads, invoices)
-- Run after other seeds

-- ==================== CONTRACTS ====================
INSERT INTO contract (contract_id, customer_id, contract_name, start_date, end_date, sla_tier, rate_per_km, monthly_value, status) VALUES (1,1,'Hindusthan Oil - Regular Tanker',DATE '2025-01-01',DATE '2026-12-31','Gold',45.50,285000,'Active');
INSERT INTO contract (contract_id, customer_id, contract_name, start_date, end_date, sla_tier, rate_per_km, monthly_value, status) VALUES (2,2,'Sketchers - Flatbed Transport',DATE '2025-02-01',DATE '2026-12-31','Silver',38.75,342000,'Active');
INSERT INTO contract (contract_id, customer_id, contract_name, start_date, end_date, sla_tier, rate_per_km, monthly_value, status) VALUES (3,3,'Havmor - Refrigerated',DATE '2025-03-01',DATE '2026-12-31','Gold',52.00,198000,'Active');
INSERT INTO contract (contract_id, customer_id, contract_name, start_date, end_date, sla_tier, rate_per_km, monthly_value, status) VALUES (4,4,'Lohan Fisheries - Reefer',DATE '2025-01-15',DATE '2026-12-31','Gold',55.00,210000,'Active');
INSERT INTO contract (contract_id, customer_id, contract_name, start_date, end_date, sla_tier, rate_per_km, monthly_value, status) VALUES (5,5,'Phillips - DRY Van',DATE '2025-02-15',DATE '2026-12-31','Silver',42.00,456000,'Active');
INSERT INTO contract (contract_id, customer_id, contract_name, start_date, end_date, sla_tier, rate_per_km, monthly_value, status) VALUES (6,6,'Ekart - DRY Van Long Haul',DATE '2025-01-01',DATE '2026-12-31','Platinum',48.50,520000,'Active');
INSERT INTO contract (contract_id, customer_id, contract_name, start_date, end_date, sla_tier, rate_per_km, monthly_value, status) VALUES (7,7,'Shiprocket - DRY Van',DATE '2025-03-15',DATE '2026-12-31','Silver',41.00,380000,'Active');
INSERT INTO contract (contract_id, customer_id, contract_name, start_date, end_date, sla_tier, rate_per_km, monthly_value, status) VALUES (8,8,'Jio Oil - Tanker Transport',DATE '2025-02-01',DATE '2026-12-31','Gold',47.00,312000,'Active');
INSERT INTO contract (contract_id, customer_id, contract_name, start_date, end_date, sla_tier, rate_per_km, monthly_value, status) VALUES (9,9,'Sohan Industries - Flatbed',DATE '2025-01-15',DATE '2026-12-31','Silver',39.50,298000,'Active');
INSERT INTO contract (contract_id, customer_id, contract_name, start_date, end_date, sla_tier, rate_per_km, monthly_value, status) VALUES (10,10,'Patil Freight - Flatbed',DATE '2025-04-01',DATE '2026-12-31','Silver',40.00,356000,'Active');
INSERT INTO contract (contract_id, customer_id, contract_name, start_date, end_date, sla_tier, rate_per_km, monthly_value, status) VALUES (11,11,'Delhivery - Double Trailer',DATE '2025-01-01',DATE '2026-12-31','Platinum',55.00,425000,'Active');
INSERT INTO contract (contract_id, customer_id, contract_name, start_date, end_date, sla_tier, rate_per_km, monthly_value, status) VALUES (12,12,'Karan Pvt Ltd - Special Low Boy',DATE '2026-04-01',DATE '2026-06-30','Standard',85.00,180000,'Active');
INSERT INTO contract (contract_id, customer_id, contract_name, start_date, end_date, sla_tier, rate_per_km, monthly_value, status) VALUES (13,13,'Neeraj Auto - Car Hauler',DATE '2026-04-15',DATE '2026-06-30','Standard',72.00,145000,'Active');
COMMIT;

-- Fix remaining trips (16-19 failed because they use non-existent trailers at those positions)
DELETE FROM trip WHERE trip_id >= 16;
INSERT INTO trip (trip_id, route_id, tractor_id, trailer_id, driver_id, planned_start, actual_start, planned_end, actual_end, status, fuel_consumed_l, distance_km, current_lat, current_lng, progress_pct) VALUES (16,16,21,6,18,SYSTIMESTAMP - INTERVAL '8' HOUR,SYSTIMESTAMP - INTERVAL '8' HOUR,SYSTIMESTAMP + INTERVAL '23' HOUR,NULL,'In Transit',105.0,480.0,16.70,79.80,25.7);
INSERT INTO trip (trip_id, route_id, tractor_id, trailer_id, driver_id, planned_start, actual_start, planned_end, actual_end, status, fuel_consumed_l, distance_km, current_lat, current_lng, progress_pct) VALUES (17,11,20,25,19,SYSTIMESTAMP - INTERVAL '5' HOUR,SYSTIMESTAMP - INTERVAL '5' HOUR,SYSTIMESTAMP + INTERVAL '11' HOUR,NULL,'In Transit',68.0,305.0,15.80,75.60,31.1);
INSERT INTO trip (trip_id, route_id, tractor_id, trailer_id, driver_id, planned_start, actual_start, planned_end, actual_end, status, fuel_consumed_l, distance_km, current_lat, current_lng, progress_pct) VALUES (18,17,15,23,14,SYSTIMESTAMP - INTERVAL '10' HOUR,SYSTIMESTAMP - INTERVAL '10' HOUR,SYSTIMESTAMP + INTERVAL '14' HOUR,NULL,'In Transit',132.0,590.0,22.40,76.90,41.5);
INSERT INTO trip (trip_id, route_id, tractor_id, trailer_id, driver_id, planned_start, actual_start, planned_end, actual_end, status, fuel_consumed_l, distance_km, current_lat, current_lng, progress_pct) VALUES (19,12,17,24,16,SYSTIMESTAMP - INTERVAL '6' HOUR,SYSTIMESTAMP - INTERVAL '6' HOUR,SYSTIMESTAMP + INTERVAL '10' HOUR,NULL,'In Transit',78.0,370.0,16.30,75.80,37.8);
COMMIT;

-- ==================== ORDERS (use named columns) ====================
INSERT INTO orders (order_id, customer_id, contract_id, status, priority, total_weight_kg, order_date, expected_delivery) VALUES (1,1,1,'In Transit','High',30000.00,SYSTIMESTAMP - INTERVAL '1' DAY,SYSDATE+1);
INSERT INTO orders (order_id, customer_id, contract_id, status, priority, total_weight_kg, order_date, expected_delivery) VALUES (2,2,2,'In Transit','Medium',8500.00,SYSTIMESTAMP - INTERVAL '1' DAY,SYSDATE+1);
INSERT INTO orders (order_id, customer_id, contract_id, status, priority, total_weight_kg, order_date, expected_delivery) VALUES (3,2,2,'In Transit','Medium',8200.00,SYSTIMESTAMP - INTERVAL '12' HOUR,SYSDATE+1);
INSERT INTO orders (order_id, customer_id, contract_id, status, priority, total_weight_kg, order_date, expected_delivery) VALUES (4,3,3,'In Transit','High',5000.00,SYSTIMESTAMP - INTERVAL '1' DAY,SYSDATE);
INSERT INTO orders (order_id, customer_id, contract_id, status, priority, total_weight_kg, order_date, expected_delivery) VALUES (5,4,4,'In Transit','High',12000.00,SYSTIMESTAMP - INTERVAL '6' HOUR,SYSDATE+1);
INSERT INTO orders (order_id, customer_id, contract_id, status, priority, total_weight_kg, order_date, expected_delivery) VALUES (6,5,5,'In Transit','Medium',15000.00,SYSTIMESTAMP - INTERVAL '2' DAY,SYSDATE);
INSERT INTO orders (order_id, customer_id, contract_id, status, priority, total_weight_kg, order_date, expected_delivery) VALUES (7,5,5,'In Transit','Medium',14500.00,SYSTIMESTAMP - INTERVAL '1' DAY,SYSDATE+1);
INSERT INTO orders (order_id, customer_id, contract_id, status, priority, total_weight_kg, order_date, expected_delivery) VALUES (8,6,6,'In Transit','High',22000.00,SYSTIMESTAMP - INTERVAL '2' DAY,SYSDATE+1);
INSERT INTO orders (order_id, customer_id, contract_id, status, priority, total_weight_kg, order_date, expected_delivery) VALUES (9,6,6,'In Transit','High',21000.00,SYSTIMESTAMP - INTERVAL '1' DAY,SYSDATE+2);
INSERT INTO orders (order_id, customer_id, contract_id, status, priority, total_weight_kg, order_date, expected_delivery) VALUES (10,7,7,'In Transit','Medium',18000.00,SYSTIMESTAMP - INTERVAL '1' DAY,SYSDATE+1);
INSERT INTO orders (order_id, customer_id, contract_id, status, priority, total_weight_kg, order_date, expected_delivery) VALUES (11,7,7,'In Transit','Medium',17500.00,SYSTIMESTAMP - INTERVAL '12' HOUR,SYSDATE+1);
INSERT INTO orders (order_id, customer_id, contract_id, status, priority, total_weight_kg, order_date, expected_delivery) VALUES (12,8,8,'In Transit','High',35000.00,SYSTIMESTAMP - INTERVAL '2' DAY,SYSDATE+1);
INSERT INTO orders (order_id, customer_id, contract_id, status, priority, total_weight_kg, order_date, expected_delivery) VALUES (13,9,9,'In Transit','Medium',12500.00,SYSTIMESTAMP - INTERVAL '1' DAY,SYSDATE+2);
INSERT INTO orders (order_id, customer_id, contract_id, status, priority, total_weight_kg, order_date, expected_delivery) VALUES (14,9,9,'In Transit','Medium',13000.00,SYSTIMESTAMP - INTERVAL '18' HOUR,SYSDATE+1);
INSERT INTO orders (order_id, customer_id, contract_id, status, priority, total_weight_kg, order_date, expected_delivery) VALUES (15,10,10,'In Transit','Medium',16000.00,SYSTIMESTAMP - INTERVAL '2' DAY,SYSDATE+1);
INSERT INTO orders (order_id, customer_id, contract_id, status, priority, total_weight_kg, order_date, expected_delivery) VALUES (16,10,10,'In Transit','Medium',15500.00,SYSTIMESTAMP - INTERVAL '1' DAY,SYSDATE+2);
INSERT INTO orders (order_id, customer_id, contract_id, status, priority, total_weight_kg, order_date, expected_delivery) VALUES (17,11,11,'In Transit','High',28000.00,SYSTIMESTAMP - INTERVAL '1' DAY,SYSDATE+1);
INSERT INTO orders (order_id, customer_id, contract_id, status, priority, total_weight_kg, order_date, expected_delivery) VALUES (18,12,12,'In Transit','Critical',95000.00,SYSTIMESTAMP - INTERVAL '3' DAY,SYSDATE+1);
INSERT INTO orders (order_id, customer_id, contract_id, status, priority, total_weight_kg, order_date, expected_delivery) VALUES (19,13,13,'In Transit','High',65000.00,SYSTIMESTAMP - INTERVAL '2' DAY,SYSDATE);
COMMIT;

-- ==================== 19 LOADS ====================
INSERT INTO load (load_id, load_code, order_id, customer_id, trip_id, pickup_hub_id, dropoff_hub_id, status, priority, rate, margin_pct, cargo_desc, cargo_weight_kg, is_return_empty, pickup_date, delivery_date) VALUES (1,'LD-2026-001',1,1,1,1,2,'In Transit','High',159250.00,18.5,'Crude petroleum oil - 30KL',30000.00,0,SYSTIMESTAMP - INTERVAL '3' HOUR,SYSTIMESTAMP + INTERVAL '4' HOUR);
INSERT INTO load (load_id, load_code, order_id, customer_id, trip_id, pickup_hub_id, dropoff_hub_id, status, priority, rate, margin_pct, cargo_desc, cargo_weight_kg, is_return_empty, pickup_date, delivery_date) VALUES (2,'LD-2026-002',2,2,2,1,4,'In Transit','Medium',240100.00,15.2,'Sketchers footwear - 850 units',8500.00,0,SYSTIMESTAMP - INTERVAL '5' HOUR,SYSTIMESTAMP + INTERVAL '8' HOUR);
INSERT INTO load (load_id, load_code, order_id, customer_id, trip_id, pickup_hub_id, dropoff_hub_id, status, priority, rate, margin_pct, cargo_desc, cargo_weight_kg, is_return_empty, pickup_date, delivery_date) VALUES (3,'LD-2026-003',3,2,3,4,1,'In Transit','Medium',240100.00,15.2,'Sketchers return - 820 units',8200.00,0,SYSTIMESTAMP - INTERVAL '2' HOUR,SYSTIMESTAMP + INTERVAL '11' HOUR);
INSERT INTO load (load_id, load_code, order_id, customer_id, trip_id, pickup_hub_id, dropoff_hub_id, status, priority, rate, margin_pct, cargo_desc, cargo_weight_kg, is_return_empty, pickup_date, delivery_date) VALUES (4,'LD-2026-004',4,3,4,2,4,'In Transit','High',182000.00,22.0,'Havmor ice cream - reefer',5000.00,0,SYSTIMESTAMP - INTERVAL '4' HOUR,SYSTIMESTAMP + INTERVAL '3' HOUR);
INSERT INTO load (load_id, load_code, order_id, customer_id, trip_id, pickup_hub_id, dropoff_hub_id, status, priority, rate, margin_pct, cargo_desc, cargo_weight_kg, is_return_empty, pickup_date, delivery_date) VALUES (5,'LD-2026-005',5,4,5,4,2,'In Transit','High',192500.00,20.5,'Fresh fish - refrigerated',12000.00,0,SYSTIMESTAMP - INTERVAL '1' HOUR,SYSTIMESTAMP + INTERVAL '6' HOUR);
INSERT INTO load (load_id, load_code, order_id, customer_id, trip_id, pickup_hub_id, dropoff_hub_id, status, priority, rate, margin_pct, cargo_desc, cargo_weight_kg, is_return_empty, pickup_date, delivery_date) VALUES (6,'LD-2026-006',6,5,6,4,3,'In Transit','Medium',562800.00,16.8,'Phillips TVs',15000.00,0,SYSTIMESTAMP - INTERVAL '8' HOUR,SYSTIMESTAMP + INTERVAL '14' HOUR);
INSERT INTO load (load_id, load_code, order_id, customer_id, trip_id, pickup_hub_id, dropoff_hub_id, status, priority, rate, margin_pct, cargo_desc, cargo_weight_kg, is_return_empty, pickup_date, delivery_date) VALUES (7,'LD-2026-007',7,5,7,3,4,'In Transit','Medium',562800.00,16.8,'Phillips ACs',14500.00,0,SYSTIMESTAMP - INTERVAL '6' HOUR,SYSTIMESTAMP + INTERVAL '16' HOUR);
INSERT INTO load (load_id, load_code, order_id, customer_id, trip_id, pickup_hub_id, dropoff_hub_id, status, priority, rate, margin_pct, cargo_desc, cargo_weight_kg, is_return_empty, pickup_date, delivery_date) VALUES (8,'LD-2026-008',8,6,8,2,5,'In Transit','High',1042500.00,24.5,'Ekart parcels - 2200 pkgs',22000.00,0,SYSTIMESTAMP - INTERVAL '12' HOUR,SYSTIMESTAMP + INTERVAL '24' HOUR);
INSERT INTO load (load_id, load_code, order_id, customer_id, trip_id, pickup_hub_id, dropoff_hub_id, status, priority, rate, margin_pct, cargo_desc, cargo_weight_kg, is_return_empty, pickup_date, delivery_date) VALUES (9,'LD-2026-009',9,6,9,5,2,'In Transit','High',1042500.00,24.5,'Ekart parcels - 2100 pkgs',21000.00,0,SYSTIMESTAMP - INTERVAL '10' HOUR,SYSTIMESTAMP + INTERVAL '26' HOUR);
INSERT INTO load (load_id, load_code, order_id, customer_id, trip_id, pickup_hub_id, dropoff_hub_id, status, priority, rate, margin_pct, cargo_desc, cargo_weight_kg, is_return_empty, pickup_date, delivery_date) VALUES (10,'LD-2026-010',10,7,10,2,3,'In Transit','Medium',401800.00,18.2,'Shiprocket parcels',18000.00,0,SYSTIMESTAMP - INTERVAL '7' HOUR,SYSTIMESTAMP + INTERVAL '9' HOUR);
INSERT INTO load (load_id, load_code, order_id, customer_id, trip_id, pickup_hub_id, dropoff_hub_id, status, priority, rate, margin_pct, cargo_desc, cargo_weight_kg, is_return_empty, pickup_date, delivery_date) VALUES (11,'LD-2026-011',11,7,11,3,2,'In Transit','Medium',401800.00,18.2,'Shiprocket return',17500.00,0,SYSTIMESTAMP - INTERVAL '4' HOUR,SYSTIMESTAMP + INTERVAL '12' HOUR);
INSERT INTO load (load_id, load_code, order_id, customer_id, trip_id, pickup_hub_id, dropoff_hub_id, status, priority, rate, margin_pct, cargo_desc, cargo_weight_kg, is_return_empty, pickup_date, delivery_date) VALUES (12,'LD-2026-012',12,8,12,6,5,'In Transit','High',690900.00,21.0,'Jio petroleum - 30KL',35000.00,0,SYSTIMESTAMP - INTERVAL '9' HOUR,SYSTIMESTAMP + INTERVAL '15' HOUR);
INSERT INTO load (load_id, load_code, order_id, customer_id, trip_id, pickup_hub_id, dropoff_hub_id, status, priority, rate, margin_pct, cargo_desc, cargo_weight_kg, is_return_empty, pickup_date, delivery_date) VALUES (13,'LD-2026-013',13,9,13,5,6,'In Transit','Medium',580650.00,14.5,'Machinery parts',12500.00,0,SYSTIMESTAMP - INTERVAL '11' HOUR,SYSTIMESTAMP + INTERVAL '13' HOUR);
INSERT INTO load (load_id, load_code, order_id, customer_id, trip_id, pickup_hub_id, dropoff_hub_id, status, priority, rate, margin_pct, cargo_desc, cargo_weight_kg, is_return_empty, pickup_date, delivery_date) VALUES (14,'LD-2026-014',14,9,14,6,5,'In Transit','Medium',580650.00,14.5,'Steel products',13000.00,0,SYSTIMESTAMP - INTERVAL '6' HOUR,SYSTIMESTAMP + INTERVAL '18' HOUR);
INSERT INTO load (load_id, load_code, order_id, customer_id, trip_id, pickup_hub_id, dropoff_hub_id, status, priority, rate, margin_pct, cargo_desc, cargo_weight_kg, is_return_empty, pickup_date, delivery_date) VALUES (15,'LD-2026-015',15,10,15,6,2,'In Transit','Medium',748000.00,16.0,'Patil general freight',16000.00,0,SYSTIMESTAMP - INTERVAL '14' HOUR,SYSTIMESTAMP + INTERVAL '17' HOUR);
INSERT INTO load (load_id, load_code, order_id, customer_id, trip_id, pickup_hub_id, dropoff_hub_id, status, priority, rate, margin_pct, cargo_desc, cargo_weight_kg, is_return_empty, pickup_date, delivery_date) VALUES (16,'LD-2026-016',16,10,16,2,6,'In Transit','Medium',748000.00,16.0,'Return containers',15500.00,0,SYSTIMESTAMP - INTERVAL '8' HOUR,SYSTIMESTAMP + INTERVAL '23' HOUR);
INSERT INTO load (load_id, load_code, order_id, customer_id, trip_id, pickup_hub_id, dropoff_hub_id, status, priority, rate, margin_pct, cargo_desc, cargo_weight_kg, is_return_empty, pickup_date, delivery_date) VALUES (17,'LD-2026-017',17,11,17,2,3,'In Transit','High',539000.00,22.5,'Delhivery express',28000.00,0,SYSTIMESTAMP - INTERVAL '5' HOUR,SYSTIMESTAMP + INTERVAL '11' HOUR);
INSERT INTO load (load_id, load_code, order_id, customer_id, trip_id, pickup_hub_id, dropoff_hub_id, status, priority, rate, margin_pct, cargo_desc, cargo_weight_kg, is_return_empty, pickup_date, delivery_date) VALUES (18,'LD-2026-018',18,12,18,3,5,'In Transit','Critical',1207000.00,28.0,'Heavy crane - Low Boy',95000.00,0,SYSTIMESTAMP - INTERVAL '10' HOUR,SYSTIMESTAMP + INTERVAL '14' HOUR);
INSERT INTO load (load_id, load_code, order_id, customer_id, trip_id, pickup_hub_id, dropoff_hub_id, status, priority, rate, margin_pct, cargo_desc, cargo_weight_kg, is_return_empty, pickup_date, delivery_date) VALUES (19,'LD-2026-019',19,13,19,3,2,'In Transit','High',705600.00,25.5,'8 luxury cars',65000.00,0,SYSTIMESTAMP - INTERVAL '6' HOUR,SYSTIMESTAMP + INTERVAL '10' HOUR);
COMMIT;

-- ==================== LOAD TIMELINES ====================
INSERT INTO load_timeline (timeline_id, load_id, event_type, event_desc, event_time) VALUES (1,1,'Load Created','Load LD-2026-001 created for Hindusthan Oil',SYSTIMESTAMP - INTERVAL '1' DAY);
INSERT INTO load_timeline (timeline_id, load_id, event_type, event_desc, event_time) VALUES (2,1,'Driver Assigned','Driver Rajesh Kumar assigned',SYSTIMESTAMP - INTERVAL '22' HOUR);
INSERT INTO load_timeline (timeline_id, load_id, event_type, event_desc, event_time) VALUES (3,1,'Pickup Completed','Cargo loaded at Mangaluru factory',SYSTIMESTAMP - INTERVAL '3' HOUR);
INSERT INTO load_timeline (timeline_id, load_id, event_type, event_desc, event_time) VALUES (4,1,'In Transit','En route to Bengaluru',SYSTIMESTAMP - INTERVAL '3' HOUR);
COMMIT;

-- ==================== INVOICES ====================
INSERT INTO invoice (invoice_id, invoice_no, order_id, load_id, customer_id, total_amount, tax_amount, net_amount, due_date, status, payment_terms) VALUES (1,'INV-2026-001',1,1,1,159250.00,28665.00,187915.00,SYSDATE+30,'Pending','Net 30');
INSERT INTO invoice (invoice_id, invoice_no, order_id, load_id, customer_id, total_amount, tax_amount, net_amount, due_date, status, payment_terms) VALUES (2,'INV-2026-002',2,2,2,240100.00,43218.00,283318.00,SYSDATE+30,'Pending','Net 30');
INSERT INTO invoice (invoice_id, invoice_no, order_id, load_id, customer_id, total_amount, tax_amount, net_amount, due_date, status, payment_terms) VALUES (3,'INV-2026-003',4,4,3,182000.00,32760.00,214760.00,SYSDATE+30,'Pending','Net 30');
INSERT INTO invoice (invoice_id, invoice_no, order_id, load_id, customer_id, total_amount, tax_amount, net_amount, due_date, status, payment_terms) VALUES (4,'INV-2026-004',8,8,6,1042500.00,187650.00,1230150.00,SYSDATE+30,'Pending','Net 30');
INSERT INTO invoice (invoice_id, invoice_no, order_id, load_id, customer_id, total_amount, tax_amount, net_amount, due_date, status, payment_terms) VALUES (5,'INV-2026-005',12,12,8,690900.00,124362.00,815262.00,SYSDATE+30,'Pending','Net 30');
INSERT INTO invoice (invoice_id, invoice_no, order_id, load_id, customer_id, total_amount, tax_amount, net_amount, due_date, status, payment_terms) VALUES (6,'INV-2026-006',17,17,11,539000.00,97020.00,636020.00,SYSDATE+15,'Pending','Net 15');
INSERT INTO invoice (invoice_id, invoice_no, order_id, load_id, customer_id, total_amount, tax_amount, net_amount, due_date, status, payment_terms) VALUES (7,'INV-2026-007',18,18,12,1207000.00,217260.00,1424260.00,SYSDATE+7,'Pending','Net 7');
INSERT INTO invoice (invoice_id, invoice_no, order_id, load_id, customer_id, total_amount, tax_amount, net_amount, due_date, status, payment_terms) VALUES (8,'INV-2026-008',19,19,13,705600.00,127008.00,832608.00,SYSDATE+15,'Pending','Net 15');
INSERT INTO invoice (invoice_id, invoice_no, customer_id, total_amount, tax_amount, net_amount, due_date, status, payment_terms) VALUES (9,'INV-2026-P01',1,145000.00,26100.00,171100.00,SYSDATE-15,'Paid','Net 30');
INSERT INTO invoice (invoice_id, invoice_no, customer_id, total_amount, tax_amount, net_amount, due_date, status, payment_terms) VALUES (10,'INV-2026-P02',6,985000.00,177300.00,1162300.00,SYSDATE-10,'Paid','Net 30');
INSERT INTO invoice (invoice_id, invoice_no, customer_id, total_amount, tax_amount, net_amount, due_date, status, payment_terms) VALUES (11,'INV-2026-P03',11,512000.00,92160.00,604160.00,SYSDATE-5,'Overdue','Net 15');
COMMIT;
